showname,url
ma boy,https://mydramalist.com/5104-ma-boy
falling for innocence,https://mydramalist.com/12360-falling-for-innocence
mad dog,https://mydramalist.com/24187-mad-dog
1 night 2 days,
to the beautiful you,https://mydramalist.com/2278-to-the-beautiful-you
vampire prosecutor 2,https://mydramalist.com/4920-vampire-prosecutor-2
joseon x-files,https://mydramalist.com/730-secret-investigation-record
beautiful gong shim,https://mydramalist.com/17219-beautiful-gong-shim
fashion king,https://mydramalist.com/3228-fashion-king
mysterious il-seung,https://mydramalist.com/24774-doubtful-victory
the moon that embraces the sun,https://mydramalist.com/3079-the-moon-that-embraces-the-sun
smile,https://mydramalist.com/138-smile-you
will it snow for christmas,https://mydramalist.com/200-will-it-snow-for-christmas
oh my geum-bi,https://mydramalist.com/20804-my-fair-lady
legend of the blue sea,https://mydramalist.com/18816-the-legend-of-the-blue-sea
bad guy,https://mydramalist.com/76-bad-guy-2010
haeundae lovers,https://mydramalist.com/4633-haeundae-lovers
i�m not a robot,https://mydramalist.com/24351-im-not-a-robot
mixed-up investigative agency,https://mydramalist.com/902-evasive-inquiry-agency
pretty man,https://mydramalist.com/7352-bel-ami
chicago typewriter,https://mydramalist.com/22403-chicago-typewriter
birth of a beauty,https://mydramalist.com/11177-birth-of-a-beauty
she was pretty,https://mydramalist.com/15055-she-was-pretty
entourage,https://mydramalist.com/16675-entourage
"three dads, one mom",https://mydramalist.com/301-three-dads-one-mom
healer,https://mydramalist.com/10814-healer
superdaddy yeol,https://mydramalist.com/13127-super-daddy-yeol
the time i�ve loved you,https://mydramalist.com/13482-the-time-we-were-not-in-love
miss ripley,https://mydramalist.com/1564-miss-ripley
a love to kill,https://mydramalist.com/152-a-love-to-kill
sword and flower,https://mydramalist.com/6989-sword-and-flower
athena,https://mydramalist.com/172-athena-goddess-of-war
falsify,https://mydramalist.com/23217-falsify
queen in-hyun�s man,https://mydramalist.com/3985-queen-in-hyuns-man
seven day queen,https://mydramalist.com/22875-queen-for-seven-days
personal taste,https://mydramalist.com/19-personal-taste
hero,https://mydramalist.com/196-hero-2009
girl who sees smells,https://mydramalist.com/13103-the-girl-who-sees-scents
punch,https://mydramalist.com/11642-punch-2014
secret garden,https://mydramalist.com/8-secret-garden-2010
i need romance 2012,https://mydramalist.com/3813-i-need-romance-2
nothing to lose,https://mydramalist.com/25676-nothing-to-lose
legend,
love rain,https://mydramalist.com/3057-love-rain
woman of dignity,https://mydramalist.com/19160-woman-of-dignity
goodbye mr. black,https://mydramalist.com/15142-goodbye-mr.-black
tomorrow with you,https://mydramalist.com/18882-tomorrow-with-you
twenty again,https://mydramalist.com/14827-twenty-again
hidden identity,https://mydramalist.com/13583-hidden-identity
fantastic,https://mydramalist.com/19468-fantastic
three musketeers,https://mydramalist.com/10248-the-three-musketeers
shark,https://mydramalist.com/6669-dont-look-back-the-legend-of-orpheus
pasta,https://mydramalist.com/46-pasta
manny,https://mydramalist.com/1444-manny
iris 2,https://mydramalist.com/1796-iris-2
who are you�school 2015,https://mydramalist.com/13386-who-are-you-school-2015
temperature of love,https://mydramalist.com/23390-temperature-of-love
oh my venus,https://mydramalist.com/15062-oh-my-venus
trot lovers,https://mydramalist.com/9850-lovers-of-music
the man living in our house,https://mydramalist.com/18978-sweet-stranger-and-me
running man,https://mydramalist.com/25565-running-man
solomon�s perjury,https://mydramalist.com/20464-solomons-perjury
defendant,https://mydramalist.com/19684-defendant
the virus,https://mydramalist.com/6199-the-virus
me too flower,
lucky romance,https://mydramalist.com/17213-lucky-romance
white christmas,https://mydramalist.com/1460-drama-special-series-season-1-white-christmas
reunited worlds,https://mydramalist.com/23412-reunited-worlds
faith,https://mydramalist.com/3994-faith
yong-pal,https://mydramalist.com/14655-yong-pal
individualist ji-young,https://mydramalist.com/23442-the-happy-loner
hanbando / korean peninsula,https://mydramalist.com/3301-korean-peninsula
masked prosecutor,https://mydramalist.com/13676-the-man-in-the-mask
suspicious housekeeper,https://mydramalist.com/7827-the-suspicious-housekeeper
the sons of sol pharmacy,https://mydramalist.com/1224-my-too-perfect-sons
age of youth,https://mydramalist.com/18896-age-of-youth
tunnel,https://mydramalist.com/21687-tunnel
tree with deep roots,https://mydramalist.com/2785-deep-rooted-tree
i need romance,https://mydramalist.com/2411-i-need-romance
1% of anything,https://mydramalist.com/18774-something-about-1-percent
nine,https://mydramalist.com/6081-nine-nine-times-time-travel
hwarang,https://mydramalist.com/15931-hwarang-the-poet-warrior-youth
entertainer,https://mydramalist.com/16827-entertainer
police unit 38,https://mydramalist.com/16393-38-task-force
spy,https://mydramalist.com/12128-spy-2015
prosecutor princess,https://mydramalist.com/88-prosecutor-princess
my princess,https://mydramalist.com/72-my-princess
hometown of legend,
gap-dong,https://mydramalist.com/8912-gap-dong
hon,https://mydramalist.com/725-soul
chief kim,https://mydramalist.com/20340-good-manager
dr. frost,https://mydramalist.com/7720-dr.-frost
bachelor�s vegetable store,https://mydramalist.com/3121-bachelors-vegetable-store
iron man,https://mydramalist.com/10686-blade-man
big man,https://mydramalist.com/9223-big-man
go back spouses,https://mydramalist.com/24863-go-back-couple
alice in cheongdam-dong,https://mydramalist.com/5184-cheongdamdong-alice
"bring it on, ghost",https://mydramalist.com/18468-bring-it-on-ghost
"persevere, gu hae-ra",https://mydramalist.com/12036-perseverance-goo-hae-ra
rooftop prince,https://mydramalist.com/3380-rooftop-prince
invincible lee pyeong-gang,https://mydramalist.com/273-invincible-lee-pyung-kang
special affairs team ten,https://mydramalist.com/3070-special-affairs-team-ten
six flying dragons,https://mydramalist.com/14324-six-flying-dragons
dream,https://mydramalist.com/1121-dream-2009
jealousy incarnate,https://mydramalist.com/16565-jealousy-incarnate
ghost-seeing detective cheo-yong,https://mydramalist.com/7837-cheo-yong
records of a night watchman,https://mydramalist.com/10057-night-watchmans-journal
i need romance 3,https://mydramalist.com/8511-i-need-romance-3
descended from the sun,https://mydramalist.com/10904-descendants-of-the-sun
style,https://mydramalist.com/397-style
jeon woo-chi,https://mydramalist.com/5415-jeon-woo-chi
nice guy,https://mydramalist.com/4295-the-innocent-man
a star�s lover,https://mydramalist.com/720-stars-lover
lookout,https://mydramalist.com/22409-the-guardians
the best hit,https://mydramalist.com/22605-hit-the-top
bad couple,https://mydramalist.com/649-bad-couple
dream high 2,https://mydramalist.com/1701-dream-high-2
strong woman do bong-soon,https://mydramalist.com/18894-strong-woman-do-bong-soon
sassy go go,https://mydramalist.com/15449-sassy-go-go
the man who can�t get married,https://mydramalist.com/328-the-man-who-cant-get-married
let�s eat 2,https://mydramalist.com/12863-lets-eat-2
dr. jin,https://mydramalist.com/3686-time-slip-dr.-jin
dream high,https://mydramalist.com/79-dream-high
strongest deliveryman,https://mydramalist.com/21664-strongest-deliveryman
the king loves,https://mydramalist.com/20402-the-king-in-love
baby-faced beauty,https://mydramalist.com/1547-baby-faced-beauty
lie to me,https://mydramalist.com/1605-lie-to-me
answer me 1988,https://mydramalist.com/13544-reply-1988
vampire detective,https://mydramalist.com/9125-vampire-detective
chuno,https://mydramalist.com/137-chuno
wonderful season,https://mydramalist.com/8306-wonderful-days
ad genius lee tae-baek,https://mydramalist.com/5984-advertising-genius-lee-tae-baek
the musical,https://mydramalist.com/2926-the-musical
dal ja�s spring,https://mydramalist.com/1116-dal-jas-spring
que sera sera,https://mydramalist.com/433-que-sera-sera
pied piper,https://mydramalist.com/15948-pied-piper
golden cross,https://mydramalist.com/9337-golden-cross
boys before flowers,https://mydramalist.com/2987-boys-over-flowers
orange marmalade,https://mydramalist.com/13322-orange-marmalade
perfect wife,https://mydramalist.com/21736-ms.-perfect
level 7 civil servant,https://mydramalist.com/5463-7th-grade-civil-servant
fight my way,https://mydramalist.com/22472-fight-for-my-way
air city,https://mydramalist.com/2822-air-city
20th century boy and girl,https://mydramalist.com/22677-20th-century-boy-and-girl
wanted,https://mydramalist.com/18554-wanted
one more happy ending,https://mydramalist.com/15986-one-more-happy-ending
warm and cozy,https://mydramalist.com/13384-warm-and-cozy
romance town,https://mydramalist.com/1603-romance-town
standby,https://mydramalist.com/3777-standby
can�t lose,https://mydramalist.com/2901-cant-lose
"jang ok-jung, live by love",https://mydramalist.com/5570-jang-ok-jung
gu family book,https://mydramalist.com/5577-gu-family-book
"cinderella, prosecutor, taste",
heard it through the grapevine,https://mydramalist.com/12787-heard-it-through-the-grapevine
youths over flowers in iceland,
missing 9,https://mydramalist.com/15853-missing-9
girl k,https://mydramalist.com/2911-little-girl-k
"saimdang, light�s diary",https://mydramalist.com/13657-saimdang-lights-diary
introverted boss,https://mydramalist.com/21306-introverted-boss
my sweet seoul,https://mydramalist.com/1162-my-sweet-seoul
beautiful mind,https://mydramalist.com/11690-a-beautiful-mind
king of dramas,https://mydramalist.com/4996-the-king-of-dramas
basketball,https://mydramalist.com/7193-basketball
gourmet,https://mydramalist.com/743-gourmet
secret door,https://mydramalist.com/10515-secret-door
two cops,https://mydramalist.com/24026-two-cops
witch�s court,https://mydramalist.com/24987-witchs-court
doctor stranger,https://mydramalist.com/8933-doctor-stranger
flower boy ramyun shop,https://mydramalist.com/2963-flower-boy-ramen-shop
"that winter, the wind blows",https://mydramalist.com/5200-that-winter-the-wind-blows
poseidon,https://mydramalist.com/1797-poseidon
manhole,https://mydramalist.com/23467-manhole
sons of sol pharmacy,https://mydramalist.com/1224-my-too-perfect-sons
mrs. cop,https://mydramalist.com/14435-mrs.-cop
impressions on legend,
scent of a woman,https://mydramalist.com/2659-scent-of-a-woman
my girlfriend is a gumiho,https://mydramalist.com/31-my-girlfriend-is-a-gumiho
d-day,https://mydramalist.com/14086-d-day
missing noir m,https://mydramalist.com/12885-missing-noir-m
mystery queen,https://mydramalist.com/22234-queen-of-mystery
oh my ghostess,https://mydramalist.com/14213-oh-my-ghostess
myung-wol the spy,https://mydramalist.com/2389-myung-wol-the-spy
witch amusement,https://mydramalist.com/128-witch-yoo-hee
man who dies to live,https://mydramalist.com/23777-man-who-dies-to-live
after the show ends,https://mydramalist.com/19022-after-the-show-ends
joseon gunman,https://mydramalist.com/9549-joseon-gunman
hometown of legends episode 1,
delightful girl chun-hyang,https://mydramalist.com/142-delightful-girl-choon-hyang
mirror of the witch,https://mydramalist.com/16997-mirror-of-the-witch
"me too, flower",https://mydramalist.com/3027-me-too-flower
cinderella�s sister,https://mydramalist.com/50-cinderellas-sister
imaginary cat,https://mydramalist.com/15755-imaginary-cat
miss korea,https://mydramalist.com/8284-miss-korea
third ward,https://mydramalist.com/3337-the-3rd-ward
sirius,https://mydramalist.com/5957-drama-special-series-season-3-sirius
the great seer,https://mydramalist.com/4713-the-great-seer
my sassy girl,https://mydramalist.com/17275-my-sassy-girl
monstar,https://mydramalist.com/6497-monstar
awl,https://mydramalist.com/14931-awl
i hear your voice,https://mydramalist.com/6993-i-hear-your-voice
forest of secrets,https://mydramalist.com/21934-stranger
i am legend,https://mydramalist.com/290-i-am-legend
rescue me,https://mydramalist.com/22599-save-me
an introduction to dramaworld,
full sun,https://mydramalist.com/8739-beyond-the-clouds
ruler�master of the mask,https://mydramalist.com/20806-the-emperor-owner-of-the-mask
gaksital,https://mydramalist.com/3394-the-bridal-mask
liar game,https://mydramalist.com/11133-liar-game-2014
wish upon a star,https://mydramalist.com/90-stars-falling-from-the-sky
you from another star,https://mydramalist.com/7398-you-who-came-from-the-stars
doctors,https://mydramalist.com/16192-doctors
god of study,https://mydramalist.com/55-master-of-study
master�god of noodle,https://mydramalist.com/16975-the-master-of-revenge
hwajeong,https://mydramalist.com/11842-hwajeong
marriage plot,https://mydramalist.com/3945-the-wedding-scheme
romance hunter,https://mydramalist.com/10912-romance-hunter
when a man loves,https://mydramalist.com/6063-when-a-mans-in-love
pinocchio,https://mydramalist.com/11074-pinocchio
neighborhood hero,https://mydramalist.com/15358-local-hero
smart prison living,https://mydramalist.com/22624-wise-prison-life
49 days,https://mydramalist.com/288-49-days-2011
black,https://mydramalist.com/23772-black
circle,https://mydramalist.com/22671-circle
misaeng,https://mydramalist.com/10619-incomplete-life
"kill me, heal me",https://mydramalist.com/10873-kill-me-heal-me
marriage not dating,https://mydramalist.com/9803-marriage-not-dating
jackpot,https://mydramalist.com/16475-the-royal-gambler
triangle,https://mydramalist.com/9176-triangle-2014
my fair lady,https://mydramalist.com/100-my-fair-lady
madam antoine,https://mydramalist.com/15854-madame-antoine
duel,https://mydramalist.com/22597-duel
a gentleman�s dignity,https://mydramalist.com/3570-a-gentlemans-dignity
my spring days,https://mydramalist.com/10516-the-spring-day-of-my-life
page turner,https://mydramalist.com/16002-page-turner
witch�s romance,https://mydramalist.com/9260-witchs-romance
summary,
sungkyunkwan scandal,https://mydramalist.com/39-sungkyunkwan-scandal
village: secret of achiara,https://mydramalist.com/15353-the-village-achiaras-secret
age of feeling,https://mydramalist.com/7452-inspiring-generation
moonlight drawn by clouds,https://mydramalist.com/16973-love-in-the-moonlight
could we love,https://mydramalist.com/8473-can-we-love
hwayugi,https://mydramalist.com/24049-hwayuki
color of woman,https://mydramalist.com/3122-the-color-of-a-woman
five fingers,https://mydramalist.com/4549-five-fingers
good doctor,https://mydramalist.com/7184-good-doctor
prime minister and i,https://mydramalist.com/8129-prime-minister-and-i
revolutionary love,https://mydramalist.com/24289-revolutionary-love
the king 2 hearts,https://mydramalist.com/3386-king2hearts
the last scandal of my life,https://mydramalist.com/423-last-scandal
high kick 3,https://mydramalist.com/2972-high-kick-the-revenge-of-the-short-legged
"hyde, jekyll, me",https://mydramalist.com/11514-hyde-jekyll-me
answer me 1997,https://mydramalist.com/4689-reply-1997
answer me 1994,https://mydramalist.com/6753-reply-1994
crime squad,https://mydramalist.com/286-crime-squad
i remember you,https://mydramalist.com/3449-i-remember-you
the lonely shining goblin,https://mydramalist.com/18452-goblin
tamra the island,https://mydramalist.com/445-tamra-the-island
moorim school,https://mydramalist.com/15087-moorim-school
last,https://mydramalist.com/14343-last
because this life is our first,https://mydramalist.com/24678-because-this-is-my-first-life
ho-gu�s love,https://mydramalist.com/12380-ho-goos-love
the k2,https://mydramalist.com/19048-the-k2
strongest chil woo,https://mydramalist.com/501-strongest-chil-woo
mary stayed out all night,https://mydramalist.com/21-mary-stayed-out-all-night
return of iljimae,https://mydramalist.com/526-the-return-of-iljimae
modern farmer,https://mydramalist.com/10620-modern-farmer
runaway,https://mydramalist.com/108-the-fugitive-plan-b
wild romance,https://mydramalist.com/3137-wild-romance
jugglers,https://mydramalist.com/25733-jugglers
secret,https://mydramalist.com/7761-secret
"i do, i do",https://mydramalist.com/3861-i-do-i-do
mi-rae�s choice,https://mydramalist.com/7604-marry-him-if-you-dare
two weeks,https://mydramalist.com/7028-two-weeks
suspicious partner,https://mydramalist.com/22602-suspicious-partner
my name is kim sam soon,https://mydramalist.com/221-my-lovely-sam-soon
oh hae-young again,https://mydramalist.com/16611-another-miss-oh
the superman age,https://mydramalist.com/13705-the-superman-age
the liar and his lover,https://mydramalist.com/6425-the-liar-and-his-lover
emergency couple,https://mydramalist.com/8550-emergency-couple
second to last love,https://mydramalist.com/17319-second-to-last-love
voice,https://mydramalist.com/20378-voice
"this week, my wife will have an affair",https://mydramalist.com/19206-my-wifes-having-an-affair-this-week
i love lee tae-ri,https://mydramalist.com/4134-i-love-lee-tae-ri
the good wife,https://mydramalist.com/16851-the-good-wife
playful kiss,https://mydramalist.com/20-playful-kiss
story of a man,https://mydramalist.com/205-a-mans-story
bad guys,https://mydramalist.com/21615-bad-guys-age-of-evil
high school: love on,https://mydramalist.com/10359-hi-school-love-on
triple,https://mydramalist.com/342-triple
partner,https://mydramalist.com/389-partner
high society,https://mydramalist.com/13848-high-society
incarnation of money,https://mydramalist.com/5778-the-incarnation-of-money
"come back, ajusshi",https://mydramalist.com/15958-please-come-back-mister
heirs,https://mydramalist.com/22654-heirs
dramaworld,
cantabile tomorrow,https://mydramalist.com/9127-naeils-cantabile
shut up: flower boy band,https://mydramalist.com/3132-shut-up-flower-boy-band
school 2017,https://mydramalist.com/22477-school-2017
school 2013,https://mydramalist.com/5571-school-2013
oh my lady,https://mydramalist.com/57-oh-my-lady
my secret hotel,https://mydramalist.com/10698-my-secret-hotel
flower boy next door,https://mydramalist.com/5626-flower-boy-next-door
the woman who still wants to marry,https://mydramalist.com/109-the-woman-who-still-wants-to-marry
age of youth 2,https://mydramalist.com/22516-age-of-youth-2
high school king of savvy,https://mydramalist.com/9702-high-school-king-of-savvy
"it�s okay, daddy�s girl",https://mydramalist.com/189-its-okay-daddys-girl
youths over flowers in africa,
unemployed romance,https://mydramalist.com/7908-unemployed-romance
dating agency cyrano,https://mydramalist.com/6699-dating-agency-cyrano
mandate of heaven,https://mydramalist.com/6224-heavens-order
plus nine boys,https://mydramalist.com/10166-plus-nine-boys
radiant office,https://mydramalist.com/22236-radiant-office
drinking solo,https://mydramalist.com/18980-drinking-solo
when night comes,https://mydramalist.com/1230-when-its-at-night
she�s so lovable,https://mydramalist.com/10846-my-lovely-girl
flowers for my life,https://mydramalist.com/1431-flowers-for-my-life
discovery of romance,https://mydramalist.com/9849-discovery-of-romance
you�re beautiful,https://mydramalist.com/2986-youre-beautiful
big,https://mydramalist.com/4236-big
padam padam,https://mydramalist.com/2937-padam-padam
twelve men in a year,https://mydramalist.com/3484-twelve-men-in-a-year
fated to love you,https://mydramalist.com/9558-fated-to-love-you
rebel: thief who stole the people,https://mydramalist.com/20782-rebel-thief-who-stole-the-people
dr. champ,https://mydramalist.com/319-dr.-champ
signal,https://mydramalist.com/13239-signal
weightlifting fairy kim bok-ju,https://mydramalist.com/19262-weightlifting-fairy-kim-bok-joo
tazza,https://mydramalist.com/1205-tazza
what�s up,https://mydramalist.com/1699-whats-up
best love,https://mydramalist.com/1548-the-greatest-love
arang and the magistrate,https://mydramalist.com/3708-arang-and-the-magistrate
night light,https://mydramalist.com/20294-night-light
master�s sun,https://mydramalist.com/6756-the-masters-sun
moon lovers: scarlet heart ryeo,https://mydramalist.com/15999-moon-lovers-scarlet-heart-ryeo
hong gil dong,https://mydramalist.com/119-hong-gil-dong-2008
king�s face,https://mydramalist.com/8282-the-kings-face
god�s gift � 14 days,https://mydramalist.com/8791-gods-gift-14-days
vampire prosecutor,https://mydramalist.com/2961-vampire-prosecutor
"it�s okay, it�s love",https://mydramalist.com/9289-its-okay-thats-love
remember�son�s war,https://mydramalist.com/15789-remember-war-of-the-son
thousand day promise,https://mydramalist.com/2954-a-thousand-days-promise
goong s,https://mydramalist.com/183-goong-s
city hall,https://mydramalist.com/251-city-hall
history of the salaryman,https://mydramalist.com/3164-history-of-the-salaryman
the world they live in,https://mydramalist.com/314-the-world-that-they-live-in
valid love,https://mydramalist.com/10874-valid-love
iris,https://mydramalist.com/47-iris
bride of the water god 2017,https://mydramalist.com/19234-the-bride-of-habaek
i miss you,https://mydramalist.com/5364-missing-you
w�two worlds,https://mydramalist.com/16589-w
who are you,https://mydramalist.com/493-who-are-you-2008
insoon is pretty,https://mydramalist.com/1147-in-soon-is-pretty
the story of hyang dan,https://mydramalist.com/1149-legend-of-hyang-dan
painter of the wind,https://mydramalist.com/422-the-painter-of-the-wind
medical top team,https://mydramalist.com/7453-medical-top-team
equator man,https://mydramalist.com/3569-the-equator-man
you�re all surrounded,https://mydramalist.com/9288-youre-all-surrounded
coffee house,https://mydramalist.com/111-coffee-house
hospital ship,https://mydramalist.com/23076-hospital-ship
full house take 2,https://mydramalist.com/3147-full-house-take-2
dear my friends,https://mydramalist.com/15845-dear-my-friends
uncontrollably fond,https://mydramalist.com/15320-uncontrollably-fond
conspiracy in the court,https://mydramalist.com/1187-conspiracy-in-the-court
you�ve fallen for me,https://mydramalist.com/1445-heartstrings
scholar who walks the night,https://mydramalist.com/11844-scholar-who-walks-the-night
lingerie girls� generation,https://mydramalist.com/24479-girls-generation-1979
memory,https://mydramalist.com/15914-memory
a new leaf,https://mydramalist.com/9559-a-new-leaf
criminal minds,https://mydramalist.com/22149-criminal-minds
angry mom,https://mydramalist.com/12647-angry-mom
shopping king louis,https://mydramalist.com/19012-shopping-king-louis
"you�re the best, lee soon-shin",https://mydramalist.com/6064-you-are-the-best
beethoven virus,https://mydramalist.com/135-beethoven-virus
live up to your name,https://mydramalist.com/23753-live-up-to-your-name-dr.-heo
paradise ranch,https://mydramalist.com/163-paradise-farm
splish splash love,https://mydramalist.com/15550-splash-splash-love
criminals minds,https://mydramalist.com/22149-criminal-minds
cinderella and the four knights,https://mydramalist.com/16119-cinderella-and-the-four-knights
three days,https://mydramalist.com/8423-3-days
cheese in the trap,https://mydramalist.com/14457-cheese-in-the-trap
whisper,https://mydramalist.com/18586-whisper
man to man,https://mydramalist.com/16977-man-to-man
the producers,https://mydramalist.com/13445-the-producers
neighborhood lawyer jo deul-ho,https://mydramalist.com/16379-my-lawyer-mr.-jo
romantic doctor teacher kim,https://mydramalist.com/19510-romantic-doctor-teacher-kim
sly and single again,https://mydramalist.com/8911-cunning-single-lady
bubblegum,https://mydramalist.com/15108-bubblegum
woman with a suitcase,https://mydramalist.com/18982-woman-with-a-suitcase
take two,
oohlala spouses,https://mydramalist.com/5412-ohlala-couple
green rose,https://mydramalist.com/708-green-rose
city hunter,https://mydramalist.com/1702-city-hunter-2011
while you were sleeping,https://mydramalist.com/21576-while-you-were-sleeping
ghost,https://mydramalist.com/3993-ghost-2012
heart to heart,https://mydramalist.com/11582-heart-to-heart
mask,https://mydramalist.com/13388-mask
hometown of legends,
marriage contract,https://mydramalist.com/16311-marriage-contract
on the way to the airport,https://mydramalist.com/18618-on-the-way-to-the-airport
love & marriage,https://mydramalist.com/1153-love-marriage
operation proposal,https://mydramalist.com/3152-operation-proposal
